0.0015790462493896484,10
0.09499406814575195,0
0.09501194953918457,8
0.09502506256103516,0
0.09503293037414551,0
0.09504103660583496,2
0.09504890441894531,0
0.09506988525390625,2
0.09507918357849121,0
0.09508705139160156,0
0.18152379989624023,0
0.18154692649841309,0
0.18155884742736816,8
0.18156886100769043,0
0.1815800666809082,4
0.18158888816833496,0
0.18159890174865723,5
0.1816089153289795,0
0.18161821365356445,0
0.2682070732116699,4
0.26825904846191406,0
0.2682831287384033,8
0.26830601692199707,0
0.2683289051055908,3
0.26835083961486816,0
0.2683749198913574,0
0.26839709281921387,8
0.2684190273284912,0
0.35457801818847656,8
0.35462188720703125,0
0.35464000701904297,5
0.3546569347381592,0
0.3546748161315918,0
0.35469508171081543,14
0.35471105575561523,0
0.35472893714904785,9
0.35480809211730957,0
0.4410390853881836,0
0.44106388092041016,6
0.4410741329193115,0
0.4410820007324219,8
0.4410898685455322,0
0.4410979747772217,0
0.44110608100891113,0
0.441115140914917,0
0.44112300872802734,9
0.5276410579681396,0
0.5276610851287842,8
0.5276708602905273,0
0.5276799201965332,0
0.5276889801025391,0
0.5276987552642822,0
0.5277080535888672,3
0.527717113494873,0
0.5277259349822998,0
0.6142797470092773,0
0.6143348217010498,0
0.6143620014190674,0
0.6143860816955566,0
0.6144089698791504,7
0.6144309043884277,0
0.6144528388977051,3
0.6144750118255615,0
0.6144979000091553,0
0.7007889747619629,0
0.7008581161499023,0
0.7008848190307617,6
0.700908899307251,0
0.7009329795837402,7
0.7009551525115967,0
0.7009780406951904,0
0.7010009288787842,8
0.7010228633880615,0
0.7872030735015869,6
0.7872519493103027,0
0.7872779369354248,5
0.7873010635375977,0
0.7873351573944092,0
0.7873570919036865,2
0.7873787879943848,0
0.7874009609222412,8
0.7874219417572021,0
0.8737289905548096,5
0.8737661838531494,3
0.8737781047821045,0
0.8737897872924805,6
0.8737998008728027,0
0.8738107681274414,9
0.8738210201263428,0
0.873831033706665,0
0.8738420009613037,6
0.9603738784790039,0
0.9604229927062988,9
0.9604690074920654,0
0.9605119228363037,9
0.9605510234832764,0
0.960608959197998,0
0.9606330394744873,0
0.9606518745422363,0
0.9606959819793701,2
1.046807050704956,0
1.0468368530273438,0
1.0468530654907227,0
1.0468668937683105,0
1.0468809604644775,2
1.0468950271606445,0
1.0469088554382324,2
1.0469229221343994,0
1.0469369888305664,0
1.1334807872772217,0
1.1335248947143555,0
1.1335439682006836,5
1.1335599422454834,0
1.1335768699645996,5
1.1335930824279785,0
1.1336100101470947,5
1.1336259841918945,4
1.1336419582366943,0
1.2199499607086182,7
1.2199950218200684,0
1.220012903213501,6
1.2200329303741455,0
1.220047950744629,0
1.2200639247894287,7
1.2200801372528076,0
1.220094919204712,6
1.2201111316680908,0
1.3065810203552246,7
1.3066339492797852,0
1.3066680431365967,0
1.3066930770874023,8
1.306715965270996,0
1.3067388534545898,3
1.3067598342895508,0
1.3067817687988281,5
1.3068039417266846,0
1.3930730819702148,0
1.393129825592041,8
1.3931550979614258,0
1.393178939819336,6
1.3932020664215088,0
1.393223762512207,1
1.3932459354400635,0
1.3932678699493408,0
1.3932898044586182,5
1.479719877243042,0
1.4797780513763428,2
1.4798030853271484,0
1.4798262119293213,0
1.4798529148101807,2
1.4798738956451416,0
1.4799180030822754,2
1.4799399375915527,0
1.4799630641937256,1
1.5659968852996826,0
1.5660269260406494,0
1.5660431385040283,4
1.5660569667816162,0
1.5660719871520996,4
1.566087007522583,0
1.566100835800171,0
1.5661139488220215,0
1.566127061843872,0
1.6526520252227783,0
1.6527090072631836,0
1.6527349948883057,7
1.652759075164795,0
1.652782917022705,2
1.6528050899505615,0
1.6528260707855225,0
1.6528470516204834,4
1.6528701782226562,0
1.7391347885131836,0
1.7391650676727295,0
1.7391769886016846,0
1.7391889095306396,6
1.739198923110962,0
1.7392098903656006,4
1.7392208576202393,0
1.739231824874878,4
1.7392430305480957,0
1.8258109092712402,0
1.825855016708374,0
1.8258731365203857,0
1.825890064239502,6
1.825906753540039,0
1.8259220123291016,0
1.8259379863739014,0
1.8259539604187012,0
1.8259689807891846,5
1.91245698928833,0
1.9125089645385742,9
1.9125339984893799,0
1.9125580787658691,4
1.912580966949463,0
1.9126031398773193,0
1.9126241207122803,12
1.9126460552215576,0
1.9126670360565186,0
1.9989569187164307,0
1.9990088939666748,0
1.99904203414917,29
1.9990661144256592,0
1.999089002609253,5
1.9991099834442139,0
1.9991321563720703,1
1.9991531372070312,0
1.9991750717163086,0
2.0855600833892822,0
2.085613965988159,0
2.085638999938965,6
2.0856611728668213,0
2.085683822631836,5
2.0857059955596924,0
2.0857269763946533,0
2.085752010345459,1
2.08577299118042,0
2.1721351146698,0
2.1721980571746826,0
2.1722238063812256,0
2.172245979309082,0
2.172268867492676,6
2.1722910404205322,16
2.172313928604126,0
2.1723361015319824,0
2.1723599433898926,0
2.2587177753448486,0
2.258772850036621,7
2.2587978839874268,0
2.2588279247283936,0
2.258849859237671,0
2.258871078491211,0
2.2588930130004883,3
2.2589290142059326,0
2.258951187133789,3
2.345256805419922,0
2.3453080654144287,12
2.3453328609466553,0
2.3453550338745117,0
2.3453779220581055,11
2.3453989028930664,0
2.3454220294952393,0
2.3454439640045166,0
2.345466136932373,0
2.431774854660034,0
2.4318277835845947,13
2.431854009628296,3
2.4318759441375732,0
2.4318981170654297,6
2.431920051574707,0
2.4319419860839844,12
2.4319629669189453,0
2.4319839477539062,0
2.5181989669799805,0
2.5182318687438965,0
2.5182487964630127,11
2.5182650089263916,0
2.5182790756225586,26
2.5182929039001465,12
2.5183069705963135,0
2.5183210372924805,8
2.518333911895752,0
2.6048529148101807,0
2.6049089431762695,0
2.604933977127075,2
2.604957103729248,0
2.6049787998199463,0
2.6050009727478027,4
2.6050219535827637,0
2.605048894882202,2
2.6050710678100586,0
2.691389799118042,0
2.691451072692871,1
2.6914758682250977,0
2.6914989948272705,3
2.691524028778076,0
2.6915459632873535,0
2.6915700435638428,1
2.691593885421753,19
2.6916158199310303,6
2.7778780460357666,0
2.7779271602630615,2
2.777951955795288,0
2.777974843978882,27
2.7779970169067383,0
2.7780189514160156,0
2.778041124343872,0
2.7780630588531494,0
2.7780861854553223,9
2.8644988536834717,0
2.864560127258301,6
2.8645849227905273,0
2.864607810974121,0
2.864630937576294,11
2.864651918411255,0
2.8646738529205322,4
2.8646950721740723,0
2.8647170066833496,0
2.9510040283203125,0
2.951063871383667,0
2.951090097427368,2
2.951112985610962,0
2.9511358737945557,2
2.951158046722412,0
2.951179027557373,0
2.9512009620666504,4
2.9512219429016113,0
3.0375139713287354,8
3.037562131881714,0
3.037587881088257,13
3.037605047225952,0
3.0376250743865967,0
3.037642002105713,0
3.0376570224761963,0
3.037672996520996,2
3.037688970565796,0
3.1241068840026855,2
3.1241729259490967,0
3.124197006225586,0
3.1242218017578125,9
3.124243974685669,0
3.1242659091949463,4
3.1242868900299072,0
3.1243088245391846,7
3.1243298053741455,5
3.2106499671936035,0
3.210703134536743,2
3.2107279300689697,0
3.210749864578247,1
3.21077299118042,3
3.2107949256896973,0
3.2108168601989746,0
3.210839033126831,0
3.210860013961792,4
3.297232151031494,0
3.2972888946533203,1
3.2973129749298096,0
3.2973361015319824,0
3.2973580360412598,12
3.297379970550537,0
3.2974021434783936,7
3.2974231243133545,0
3.297445058822632,7
3.3843178749084473,1
3.384363889694214,0
3.384382963180542,8
3.3844010829925537,0
3.38441801071167,5
3.3844358921051025,0
3.384453058242798,0
3.3844690322875977,2
3.384484052658081,0
3.4703919887542725,0
3.470465898513794,0
3.470492124557495,0
3.4705169200897217,0
3.4705400466918945,0
3.470561981201172,0
3.470583915710449,0
3.47060489654541,0
3.4706270694732666,0
3.556928873062134,1
3.556978940963745,0
3.5569980144500732,0
3.5570149421691895,0
3.5570318698883057,0
3.557046890258789,0
3.557063102722168,0
3.5570790767669678,1
3.5570950508117676,0
3.6434311866760254,0
3.643488883972168,3
3.6435139179229736,0
3.643537998199463,5
3.6435599327087402,0
3.643582820892334,0
3.643603801727295,0
3.643624782562256,0
3.6436469554901123,8
3.729996919631958,0
3.730104923248291,2
3.730139970779419,0
3.7301650047302246,0
3.7301878929138184,9
3.730211019515991,0
3.730234146118164,12
3.730255126953125,0
3.7302770614624023,9
3.8165481090545654,0
3.8166050910949707,5
3.8166298866271973,19
3.81665301322937,0
3.8166770935058594,16
3.8166980743408203,0
3.8167200088500977,8
3.8167409896850586,0
3.816763162612915,0
3.9030580520629883,4
3.903110980987549,0
3.9031360149383545,4
3.9031589031219482,0
3.9031879901885986,2
3.9032089710235596,4
3.903272867202759,0
3.903398036956787,8
3.903467893600464,0
3.9896719455718994,6
3.9897289276123047,0
3.9897539615631104,0
3.989778757095337,2
3.9898009300231934,0
3.989823818206787,2
3.989844799041748,0
3.9898669719696045,8
3.9898879528045654,0
4.076107025146484,0
4.076160907745361,3
4.076185941696167,0
4.076210021972656,0
4.076233863830566,0
4.076256990432739,2
4.0762779712677,0
4.076301097869873,27
4.076323986053467,7
4.1626880168914795,0
4.162748098373413,13
4.16277289390564,0
4.1627960205078125,9
4.162821054458618,7
4.162842035293579,0
4.1628639698028564,7
4.162886142730713,0
4.16290807723999,3
4.249170780181885,0
4.249228000640869,0
4.249253988265991,8
4.249276876449585,0
4.249300003051758,16
4.249321937561035,0
4.249346971511841,18
4.249370098114014,2
4.249392032623291,0
4.3357930183410645,9
4.335896015167236,0
4.335928916931152,8
4.335952997207642,0
4.335975885391235,10
4.335999011993408,0
4.3360209465026855,0
4.3360490798950195,14
4.336071014404297,0
4.422322034835815,3
4.422376871109009,0
4.422405004501343,4
4.422427177429199,0
4.42245078086853,0
4.422472953796387,6
4.422518968582153,0
4.422540903091431,0
4.422563076019287,0
4.508694887161255,0
4.508727073669434,0
4.508739948272705,0
4.508752107620239,7
4.508763074874878,0
4.508774042129517,0
4.508785009384155,0
4.508795976638794,0
4.508807182312012,0
4.595411777496338,0
4.595471143722534,5
4.595495939254761,0
4.595517873764038,4
4.595539808273315,0
4.595561981201172,0
4.595582962036133,9
4.59560489654541,0
4.595625877380371,0
4.6818528175354,0
4.681936025619507,0
4.681962966918945,0
4.681987047195435,0
4.682009935379028,10
4.682032108306885,0
4.682053089141846,13
4.682075023651123,0
4.6820969581604,4
4.77111291885376,10
4.771183967590332,0
4.771211862564087,3
4.771238088607788,0
4.771261930465698,3
4.771283864974976,0
4.771305799484253,0
4.771327972412109,9
4.77134895324707,0
4.8549370765686035,4
4.854986906051636,0
4.855011940002441,6
4.855036020278931,0
4.855058193206787,0
4.855080842971802,1
4.855103015899658,0
4.8551249504089355,5
4.855146884918213,0
4.941487073898315,10
4.941540956497192,2
4.941565990447998,0
4.941588878631592,5
4.941616058349609,0
4.941639184951782,5
4.941660165786743,0
4.9416821002960205,0
4.941703796386719,6
5.028079032897949,0
5.028116941452026,7
5.028131008148193,0
5.028144121170044,4
5.028156757354736,0
5.028169870376587,0
5.028183937072754,4
5.028213977813721,0
5.028228044509888,6
5.114598035812378,0
5.114656925201416,8
5.114681959152222,0
5.1147050857543945,0
5.114727973937988,2
5.114748954772949,0
5.114819049835205,1
5.114848852157593,0
5.114871978759766,0
5.201054811477661,0
5.201117992401123,0
5.201143026351929,0
5.201167106628418,0
5.201189994812012,7
5.2012128829956055,0
5.201234817504883,0
5.201255798339844,0
5.2012779712677,0
5.2876060009002686,0
5.287658929824829,0
5.287683010101318,0
5.287706136703491,0
5.2877280712127686,0
5.287750005722046,0
5.287770986557007,0
5.287793159484863,9
5.287815809249878,0
5.3741559982299805,6
5.374207973480225,0
5.374232053756714,0
5.374254941940308,0
5.374277114868164,0
5.374299049377441,0
5.374320983886719,0
5.374343156814575,2
5.37436580657959,0
5.460578918457031,0
5.460599899291992,9
5.46060585975647,0
5.460612058639526,0
5.460618019104004,0
5.4606239795684814,0
5.460629940032959,0
5.460636138916016,0
5.460641860961914,8
5.547076940536499,0
5.547101974487305,1
5.54711389541626,0
5.547126054763794,0
5.547137022018433,4
5.547147035598755,0
5.5471580028533936,0
5.547168016433716,0
5.5471789836883545,0
5.633766174316406,0
5.6338348388671875,0
5.633864879608154,8
5.633888006210327,0
5.633910894393921,11
5.633933067321777,0
5.633954048156738,5
5.633975028991699,2
5.633996963500977,0
5.720389127731323,1
5.720444917678833,0
5.720469951629639,0
5.7204930782318115,0
5.720515966415405,11
5.720536947250366,0
5.720559120178223,0
5.720587968826294,0
5.720608949661255,0
5.806919813156128,9
5.806983947753906,0
5.807009935379028,0
5.807034015655518,11
5.80705714225769,0
5.807079792022705,9
5.8071019649505615,0
5.807123899459839,3
5.8071448802948,0
5.893377065658569,0
5.893433094024658,4
5.893458127975464,0
5.893481969833374,10
5.893503904342651,0
5.893527030944824,0
5.893548965454102,0
5.893572092056274,0
5.893594026565552,5
5.97994589805603,0
5.9800028800964355,11
5.980026960372925,0
5.980050086975098,0
5.980071783065796,0
5.980093955993652,0
5.980114936828613,0
5.980136871337891,0
5.980157852172852,0
6.066457033157349,0
6.0665130615234375,0
6.06653904914856,10
6.066561937332153,0
6.066583871841431,1
6.066606044769287,0
6.066627025604248,0
6.066650152206421,0
6.066671133041382,0
6.1530091762542725,6
6.153066873550415,0
6.153091907501221,6
6.1531150341033936,0
6.153138160705566,0
6.153159856796265,1
6.1531829833984375,0
6.153207063674927,11
6.153228998184204,0
6.239548921585083,7
6.239604949951172,0
6.239629030227661,0
6.239651918411255,0
6.239674091339111,0
6.239696025848389,2
6.239717960357666,0
6.239738941192627,0
6.239761114120483,0
6.326105117797852,0
6.3261659145355225,6
6.326190948486328,0
6.326214075088501,9
6.326236009597778,0
6.326256990432739,5
6.3262779712677,0
6.326298952102661,0
6.326321125030518,4
6.412591934204102,0
6.412648916244507,1
6.4126739501953125,0
6.412698030471802,2
6.412721157073975,0
6.412743091583252,0
6.412764072418213,2
6.41278600692749,0
6.412807941436768,4
6.499111890792847,0
6.499171018600464,0
6.4991960525512695,3
6.499218940734863,0
6.499241828918457,11
6.49926495552063,0
6.499297857284546,4
6.499319076538086,0
6.499340057373047,0
6.58565092086792,4
6.5857110023498535,0
6.585735082626343,3
6.58575701713562,0
6.58578085899353,15
6.585803031921387,0
6.585824966430664,0
6.585848093032837,8
6.585869073867798,0
6.672201871871948,2
6.672255992889404,0
6.672281980514526,9
6.672305107116699,0
6.672327756881714,0
6.67234992980957,0
6.672370910644531,0
6.672392845153809,0
6.6724138259887695,0
6.758685111999512,0
6.75873875617981,0
6.758764028549194,0
6.758788108825684,5
6.758810043334961,0
6.758831977844238,7
6.758852958679199,0
6.758875131607056,0
6.758896112442017,3
6.845232963562012,0
6.845298767089844,4
6.8453240394592285,0
6.845345973968506,5
6.845367908477783,0
6.845388889312744,0
6.845411062240601,0
6.8454320430755615,0
6.8454530239105225,0
6.93176007270813,0
6.931818008422852,5
6.931843042373657,5
6.931865930557251,0
6.931889057159424,4
6.931910991668701,0
6.931933164596558,2
6.931954860687256,0
6.932006120681763,2
7.018330097198486,0
7.018366813659668,0
7.018378973007202,0
7.018389940261841,0
7.018401861190796,4
7.018411874771118,0
7.018423080444336,4
7.018434047698975,9
7.018445014953613,0
7.104881048202515,9
7.104938983917236,0
7.104964017868042,0
7.104987144470215,0
7.105009078979492,0
7.1050310134887695,3
7.105053186416626,0
7.105074882507324,7
7.105095863342285,0
7.191411972045898,0
7.191473007202148,0
7.191496849060059,0
7.1915199756622314,1
7.191545009613037,0
7.1915669441223145,5
7.191590070724487,0
7.191612005233765,0
7.191632986068726,7
7.277991056442261,0
7.278043985366821,10
7.2780678272247314,0
7.278090953826904,10
7.278114080429077,0
7.2781360149383545,0
7.278156995773315,7
7.278177976608276,0
7.278199911117554,17
7.364574909210205,0
7.364609956741333,13
7.364622116088867,0
7.364634037017822,4
7.364657163619995,2
7.364668130874634,0
7.364678144454956,1
7.364688158035278,0
7.364749908447266,5
7.450791120529175,0
7.450815916061401,0
7.4508278369903564,3
7.450837850570679,0
7.4508490562438965,10
7.450860023498535,0
7.450870037078857,1
7.450879812240601,0
7.450889825820923,0
7.537410020828247,6
7.537436008453369,0
7.537447929382324,8
7.537458896636963,0
7.537469863891602,3
7.53748083114624,0
7.537491798400879,0
7.537501811981201,3
7.537511825561523,0
7.623944997787476,4
7.623976945877075,0
7.623989820480347,0
7.6240010261535645,1
7.624011993408203,0
7.624022960662842,12
7.624032974243164,0
7.624042987823486,10
7.624053001403809,4
7.710547924041748,0
7.710586071014404,0
7.710599184036255,0
7.7106101512908936,7
7.710621118545532,0
7.7106311321258545,2
7.710641145706177,0
7.710651159286499,0
7.710662126541138,5
7.797122001647949,0
7.797159194946289,6
7.797170877456665,0
7.797181844711304,1
7.797192811965942,3
7.797202825546265,0
7.797223091125488,5
7.797234773635864,0
7.79725193977356,7
7.883644104003906,0
7.883683919906616,0
7.883697032928467,1
7.883708953857422,0
7.8837199211120605,12
7.883730173110962,0
7.883741140365601,4
7.883751153945923,0
7.8837621212005615,0
7.970193147659302,3
7.970229864120483,0
7.970240831375122,0
7.97025203704834,0
7.9702630043029785,3
7.970273971557617,1
7.970284938812256,0
7.9702959060668945,25
7.970307111740112,0
8.056840896606445,4
8.056875944137573,0
8.056888103485107,0
8.056899070739746,3
8.056910037994385,0
8.056920051574707,8
8.05693006515503,0
8.056939840316772,9
8.056951999664307,0
8.143273830413818,12
8.143310070037842,15
8.143322944641113,0
8.143334150314331,16
8.14334511756897,0
8.143356084823608,8
8.14336609840393,4
8.143378019332886,0
8.143388032913208,2
8.22977614402771,0
8.229815006256104,3
8.229826927185059,0
8.229839086532593,0
8.229850053787231,0
8.229860067367554,0
8.229871034622192,0
8.229882001876831,0
8.229894161224365,0
8.316390991210938,0
8.316437005996704,0
8.316455841064453,0
8.316473007202148,0
8.316490888595581,8
8.316514015197754,0
8.316529989242554,1
8.316545963287354,0
8.316562175750732,0
8.402709007263184,6
8.402733087539673,7
8.402755975723267,19
8.4027681350708,0
8.40277910232544,11
8.402790069580078,2
8.4028000831604,2
8.402811050415039,17
8.402822017669678,0
8.489246845245361,15
8.489274024963379,0
8.48928713798523,10
8.489298105239868,7
8.489309072494507,0
8.489319086074829,7
8.489330768585205,0
8.489341974258423,2
8.489351749420166,0
8.575906991958618,0
8.57594108581543,3
8.575953006744385,0
8.575965166091919,13
8.575976848602295,0
8.575987815856934,7
8.576010942459106,0
8.576020956039429,0
8.576031923294067,8
8.662482976913452,0
8.662518978118896,12
8.662530899047852,0
8.662543058395386,8
8.662553071975708,0
8.66256308555603,0
8.662572860717773,9
8.662582874298096,0
8.662594079971313,5
8.74901294708252,0
8.749047040939331,0
8.749058961868286,0
8.749069929122925,0
8.749080896377563,0
8.749090909957886,0
8.749102115631104,10
8.749111890792847,0
8.749123096466064,5
8.83552598953247,6
8.835561990737915,0
8.835574865341187,18
8.83558702468872,0
8.835597038269043,0
8.835608005523682,0
8.83561897277832,0
8.835628986358643,0
8.835638999938965,0
8.922086000442505,11
8.922122955322266,0
8.92213487625122,13
8.922147035598755,5
8.922158002853394,0
8.922169923782349,8
8.922181129455566,0
8.922192096710205,5
8.922202110290527,0
9.00852084159851,0
9.008551836013794,0
9.00856900215149,0
9.008584976196289,2
9.008599042892456,0
9.008613109588623,7
9.008625984191895,0
9.008639812469482,3
9.008654117584229,5
9.095195055007935,0
9.0952308177948,7
9.095242977142334,0
9.095254898071289,8
9.095270156860352,0
9.095279932022095,0
9.095289945602417,0
9.09529995918274,0
9.095310926437378,0
9.181674003601074,0
9.1817147731781,8
9.181726932525635,0
9.18173885345459,0
9.181749820709229,1
9.18175983428955,0
9.181769847869873,1
9.181780815124512,0
9.181790828704834,0
9.26819396018982,0
9.26822805404663,1
9.268241167068481,5
9.26825213432312,0
9.268263101577759,7
9.268273115158081,0
9.26828408241272,6
9.268294095993042,7
9.268304109573364,0
9.354743957519531,12
9.354782819747925,0
9.354794979095459,3
9.354805946350098,0
9.354816913604736,0
9.354827880859375,0
9.354838848114014,0
9.354848861694336,12
9.354860067367554,0
9.44129204750061,16
9.441327095031738,7
9.44133996963501,0
9.441351175308228,6
9.441362857818604,0
9.441373825073242,1
9.441383838653564,0
9.441394805908203,0
9.441405773162842,0
9.527762174606323,0
9.527796983718872,7
9.527812004089355,0
9.527826070785522,16
9.527838945388794,0
9.527850866317749,3
9.5278639793396,0
9.527889013290405,0
9.527902841567993,0
9.614378929138184,0
9.614428997039795,0
9.614447116851807,0
9.614463806152344,1
9.614480018615723,7
9.614495992660522,0
9.614511966705322,13
9.614527940750122,0
9.614544153213501,12
9.701009035110474,0
9.701064825057983,0
9.701091051101685,0
9.70111608505249,0
9.7011399269104,2
9.701174020767212,0
9.70139479637146,6
9.701443910598755,0
9.701472997665405,0
9.787569999694824,0
9.787627935409546,0
9.787652969360352,0
9.787677764892578,0
9.787700891494751,0
9.787722826004028,0
9.787744998931885,0
9.787765979766846,2
9.787787914276123,0
9.874130964279175,9
9.874190092086792,0
9.874218940734863,1
9.874243974685669,0
9.874266147613525,0
9.87428903579712,0
9.87431001663208,0
9.874332189559937,0
9.874354124069214,0
9.96061897277832,0
9.960660934448242,8
9.960674047470093,0
9.960685968399048,10
9.960696935653687,0
9.960710048675537,12
9.96072006225586,0
9.960730075836182,0
9.960741996765137,6
10.047271013259888,0
10.047325134277344,0
10.047350883483887,0
10.047374963760376,0
10.047398090362549,0
10.047420024871826,0
10.047442197799683,6
10.04746389389038,0
10.047484874725342,7
10.133823871612549,0
10.133877992630005,0
10.13390302658081,0
10.133924961090088,0
10.133952856063843,0
10.1339750289917,0
10.133996963500977,0
10.134018898010254,0
10.134039878845215,0
10.220402956008911,6
10.220462083816528,0
10.220487833023071,0
10.220510959625244,0
10.220533847808838,3
10.22055697441101,0
10.220577955245972,0
10.220598936080933,5
10.220619916915894,0
10.30684208869934,0
10.306888818740845,0
10.306907176971436,0
10.306923866271973,0
10.306940793991089,0
10.306957960128784,2
10.306973934173584,0
10.306988954544067,0
10.307004928588867,0
10.393501043319702,0
10.393554925918579,6
10.393579959869385,0
10.393604040145874,10
10.393627166748047,0
10.393649101257324,14
10.393670082092285,0
10.393692016601562,0
10.393714189529419,7
10.479890823364258,0
10.479904890060425,5
10.479911088943481,0
10.479917049407959,4
10.479922771453857,0
10.479928970336914,0
10.479934930801392,4
10.479939937591553,0
10.47994589805603,5
10.56648588180542,0
10.566504955291748,2
10.56651496887207,1
10.566524028778076,0
10.566533088684082,4
10.566541910171509,0
10.566551923751831,5
10.566560983657837,0
10.566568851470947,0
10.653173923492432,1
10.653212070465088,0
10.653242111206055,4
10.653256893157959,0
10.653270959854126,8
10.653285026550293,0
10.653298139572144,0
10.653311014175415,5
10.65332293510437,0
10.739765882492065,8
10.739821910858154,0
10.739848852157593,6
10.739873886108398,4
10.739896059036255,0
10.739917993545532,6
10.739938974380493,0
10.739962100982666,1
10.73998498916626,0
10.82635498046875,0
10.826409816741943,2
10.826436996459961,0
10.826461791992188,5
10.82648491859436,0
10.826506853103638,0
10.826529026031494,0
10.826550960540771,6
10.826571941375732,0
10.912781000137329,0
10.912929058074951,4
10.912964105606079,0
10.912993907928467,3
10.91301703453064,0
10.913040161132812,0
10.91306209564209,2
10.913084030151367,0
10.913106203079224,9
10.99948000907898,0
10.999539852142334,9
10.999566078186035,1
10.999590158462524,0
10.999613761901855,9
10.999635934829712,0
10.99965786933899,10
10.999679803848267,0
10.999701976776123,6
11.08605408668518,4
11.086109161376953,0
11.086134910583496,14
11.086161136627197,0
11.086184978485107,0
11.086207866668701,0
11.086228847503662,0
11.086252927780151,9
11.086273908615112,0
11.172415971755981,0
11.172433137893677,0
11.172441959381104,8
11.172450065612793,0
11.17245888710022,0
11.17246675491333,0
11.172475099563599,0
11.172482013702393,0
11.172489881515503,0
11.25908088684082,0
11.2590970993042,8
11.25910496711731,0
11.259113788604736,7
11.259121179580688,0
11.259129047393799,0
11.259135961532593,0
11.259143114089966,0
11.259150981903076,0
11.345609903335571,0
11.345639944076538,6
11.345651865005493,0
11.345662832260132,9
11.34567379951477,0
11.345683813095093,0
11.345693826675415,1
11.345703840255737,0
11.345714092254639,7
11.432408094406128,0
11.432466983795166,2
11.432492017745972,0
11.432516098022461,0
11.432538032531738,1
11.432559967041016,0
11.432582139968872,7
11.43260407447815,0
11.432658195495605,2
11.518813133239746,1
11.51883578300476,0
11.518847942352295,1
11.51885986328125,0
11.518871068954468,0
11.518882036209106,0
11.518892049789429,0
11.518903970718384,0
11.518914937973022,0
11.605555772781372,3
11.605618953704834,0
11.605648040771484,7
11.605671882629395,0
11.60577392578125,0
11.605834007263184,12
11.605863094329834,0
11.605886936187744,2
11.605909824371338,0
11.692125082015991,0
11.692186117172241,5
11.692211866378784,0
11.692234992980957,3
11.692259073257446,0
11.692281007766724,2
11.692301988601685,0
11.692322969436646,0
11.692346096038818,0
11.77863097190857,0
11.778687953948975,12
11.778712034225464,0
11.778734922409058,5
11.778757095336914,0
11.778779029846191,0
11.778800964355469,0
11.778823137283325,0
11.778845071792603,15
11.865213871002197,0
11.86526894569397,5
11.865294933319092,0
11.865319967269897,0
11.865341901779175,6
11.865365028381348,0
11.865386009216309,4
11.865407943725586,0
11.865429878234863,5
11.951771020889282,0
11.951825141906738,0
11.951850891113281,9
11.951873064041138,0
11.951895952224731,0
11.951917886734009,0
11.951940059661865,0
11.951961994171143,0
11.951982975006104,0
12.038413047790527,5
12.038470029830933,0
12.038501977920532,0
12.038524150848389,0
12.038546800613403,0
12.03856897354126,5
12.03858995437622,0
12.038612842559814,10
12.038635015487671,0
12.125013828277588,0
12.125070095062256,0
12.125094175338745,0
12.125117778778076,7
12.125140905380249,0
12.125162839889526,5
12.125185012817383,0
12.125205993652344,6
12.125227928161621,0
12.211555004119873,0
12.211609125137329,3
12.211634159088135,0
12.21165680885315,7
12.211679935455322,0
12.2117018699646,5
12.21172285079956,1
12.211745023727417,0
12.211766004562378,5
12.298173904418945,0
12.298228979110718,2
12.298254013061523,0
12.298277139663696,2
12.29830002784729,0
12.298322200775146,0
12.298343896865845,0
12.298364877700806,0
12.298386096954346,0
12.384623050689697,0
12.384676933288574,0
12.384702920913696,5
12.38472604751587,0
12.384747982025146,5
12.384769916534424,0
12.38479208946228,1
12.384813070297241,0
12.384835004806519,0
12.471183061599731,0
12.47123408317566,0
12.471259117126465,0
12.471282005310059,0
12.471303939819336,0
12.471325159072876,0
12.471346139907837,0
12.471367835998535,0
12.471389055252075,0
12.557733058929443,0
12.557782888412476,0
12.557801961898804,0
12.557820081710815,3
12.557836055755615,0
12.557852029800415,0
12.557868957519531,0
12.557884931564331,0
12.55790090560913,0
12.644299030303955,0
12.644346952438354,0
12.644365072250366,0
12.644382953643799,6
12.644398927688599,0
12.64441990852356,8
12.644434928894043,0
12.644450902938843,0
12.644467830657959,17
12.7308189868927,0
12.730867862701416,6
12.730885028839111,0
12.730901002883911,5
12.73091983795166,10
12.730936050415039,0
12.73095178604126,3
12.730968952178955,0
12.730984926223755,0
12.817514896392822,2
12.817576885223389,8
12.81760311126709,7
12.817625999450684,0
12.817647933959961,9
12.817671060562134,0
12.817692995071411,7
12.817714214324951,0
12.817735195159912,0
12.903981924057007,0
12.904039144515991,0
12.90406608581543,12
12.904088020324707,0
12.9041109085083,3
12.90413212776184,0
12.904154062271118,0
12.904175043106079,11
12.904196977615356,0
12.990547895431519,10
12.990600824356079,0
12.99062705039978,5
12.990648984909058,1
12.99067211151123,0
12.990694999694824,12
12.990715980529785,0
12.990738153457642,4
12.990759134292603,0
13.077098846435547,0
13.077157974243164,3
13.077183961868286,0
13.07720685005188,6
13.077229022979736,0
13.077250957489014,6
13.077271938323975,0
13.077292919158936,0
13.077315092086792,0
13.163666009902954,0
13.163720846176147,0
13.163744926452637,0
13.16376805305481,8
13.163789987564087,0
13.163810968399048,0
13.163832902908325,5
13.163855075836182,0
13.163876056671143,5
13.250175952911377,0
13.250239849090576,5
13.250267028808594,0
13.250288963317871,0
13.250311851501465,10
13.250333070755005,0
13.250354766845703,7
13.25037693977356,0
13.250398874282837,5
13.3366379737854,10
13.336691856384277,0
13.336716890335083,10
13.336740970611572,0
13.336763143539429,0
13.336785078048706,0
13.336807012557983,0
13.33682894706726,1
13.3368501663208,0
13.423199892044067,2
13.42325496673584,0
13.423281192779541,7
13.423303127288818,0
13.423326969146729,0
13.42334794998169,4
13.423370838165283,0
13.423391819000244,3
13.4234139919281,0
13.50958514213562,0
13.509616136550903,0
13.50963306427002,0
13.509648084640503,0
13.509663820266724,0
13.50967788696289,3
13.509692192077637,0
13.509706020355225,0
13.509720087051392,6
13.596266984939575,0
13.596328973770142,6
13.596354007720947,0
13.596375942230225,5
13.596399068832397,0
13.596420049667358,0
13.596443176269531,5
13.596466064453125,0
13.596487045288086,3
13.682894945144653,0
13.682952880859375,10
13.682976961135864,0
13.682998895645142,0
13.683022022247314,2
13.683046102523804,0
13.683067083358765,0
13.683089017868042,0
13.683109998703003,0
13.769304037094116,0
13.769362926483154,0
13.76938796043396,8
13.769411087036133,0
13.769433975219727,2
13.769456148147583,0
13.769477128982544,0
13.769499063491821,0
13.769520998001099,0
13.855792999267578,15
13.855823993682861,0
13.855840921401978,11
13.855855941772461,0
13.855869770050049,1
13.855883836746216,5
13.855896949768066,0
13.855911016464233,3
13.855923891067505,0
13.942309141159058,0
13.942337989807129,0
13.94235110282898,0
13.942363023757935,1
13.942373037338257,0
13.942384958267212,3
13.94239616394043,0
13.942406177520752,0
13.94241714477539,0
14.028692960739136,0
14.02870798110962,8
14.028714895248413,0
14.02872109413147,13
14.028731107711792,0
14.028735876083374,0
14.028743028640747,0
14.028748035430908,0
14.028753995895386,0
14.115351915359497,0
14.115365982055664,7
14.115374088287354,0
14.115379810333252,6
14.115386962890625,13
14.115392923355103,0
14.115398168563843,10
14.115403890609741,0
14.115410089492798,5
14.20176100730896,0
14.201775074005127,0
14.201781988143921,0
14.201788902282715,0
14.201795101165771,2
14.201799869537354,0
14.20180606842041,7
14.201811790466309,7
14.201817989349365,0
14.288433074951172,8
14.288449048995972,0
14.288455963134766,0
14.288461923599243,0
14.28846788406372,0
14.288474082946777,0
14.288479804992676,0
14.288487195968628,0
14.288496017456055,0
14.375020027160645,8
14.37503981590271,0
14.375046014785767,0
14.37505292892456,5
14.375058889389038,0
14.37506914138794,6
14.375075101852417,0
14.375080823898315,0
14.375087976455688,0
14.46143102645874,0
14.461445093154907,4
14.461452007293701,0
14.461458206176758,1
14.461474895477295,0
14.461481809616089,0
14.461487054824829,0
14.461493015289307,0
14.461498975753784,4
14.548048973083496,0
14.548062801361084,8
14.548069953918457,0
14.548075914382935,7
14.548082113265991,2
14.548088073730469,0
14.548094987869263,5
14.54810094833374,0
14.548105955123901,0
14.63457703590393,0
14.634596109390259,0
14.634603023529053,2
14.63460898399353,0
14.634615898132324,12
14.634622812271118,0
14.634628057479858,9
14.634634017944336,0
14.634639978408813,0
14.721053838729858,3
14.721069097518921,0
14.721075773239136,5
14.721081018447876,0
14.72108793258667,0
14.721094131469727,0
14.721098899841309,0
14.721105098724365,3
14.721111059188843,0
14.80769395828247,7
14.807716131210327,0
14.807723999023438,0
14.807730913162231,0
14.807738065719604,0
14.807744026184082,2
14.807751178741455,0
14.807758092880249,2
14.807765007019043,0
14.89421796798706,0
14.894237756729126,8
14.89424991607666,0
14.894260883331299,8
14.894274950027466,0
14.894285917282104,4
14.894295930862427,0
14.894306898117065,0
14.894318103790283,0
14.980814933776855,0
14.980870008468628,8
14.980893850326538,0
14.980916976928711,8
14.980939865112305,0
14.980962038040161,0
14.980983018875122,4
14.9810049533844,0
14.981026887893677,0
15.067470073699951,0
15.067527770996094,0
15.067553043365479,0
15.067575931549072,0
15.067637920379639,7
15.067662000656128,0
15.067683935165405,6
15.067706108093262,0
15.067727088928223,0
15.15398907661438,7
15.15405797958374,0
15.154086112976074,6
15.154109954833984,0
15.154132843017578,6
15.154155015945435,0
15.154176950454712,0
15.154200077056885,7
15.154222011566162,0
15.240619897842407,5
15.240679025650024,0
15.240705013275146,6
15.24072790145874,0
15.240748882293701,0
15.24077296257019,8
15.240795135498047,0
15.24081802368164,6
15.240839958190918,0
15.327197074890137,4
15.327252864837646,5
15.327276945114136,0
15.327300071716309,6
15.327322006225586,0
15.327342987060547,0
15.327363967895508,0
15.327384948730469,0
15.327407121658325,6
15.413663864135742,0
15.413708925247192,11
15.413725852966309,0
15.413743019104004,7
15.41375994682312,0
15.413776159286499,0
15.41379189491272,8
15.413808107376099,0
15.41382384300232,6
15.500196933746338,0
15.500219106674194,7
15.500227928161621,0
15.50023603439331,0
15.500242948532104,2
15.500251054763794,0
15.500258922576904,3
15.500265836715698,0
15.500272989273071,1
15.58688497543335,0
15.58692193031311,0
15.586933851242065,0
15.586945056915283,76
15.586956024169922,66
15.58696699142456,52
15.586977005004883,53
15.586987972259521,49
15.586997985839844,31
15.673502922058105,41
15.673564195632935,15
15.673589944839478,28
15.67361307144165,16
15.67363715171814,9
15.673660039901733,25
15.673681020736694,2
15.67370319366455,26
15.673724174499512,9
15.760034084320068,17
15.760084867477417,14
15.760109901428223,0
15.760136842727661,14
15.760159015655518,0
15.760179996490479,15
15.760201930999756,0
15.760222911834717,4
15.760243892669678,3
15.846689939498901,0
15.846810102462769,12
15.846843004226685,0
15.846866846084595,10
15.846889972686768,0
15.846911907196045,0
15.846935033798218,0
15.846956014633179,0
15.846977949142456,4
15.933180809020996,0
15.933235883712769,0
15.933260917663574,0
15.933284044265747,0
15.93330717086792,1
15.933329105377197,0
15.933351755142212,11
15.933374881744385,0
15.933396816253662,7
16.01972198486328,3
16.01978588104248,0
16.019814014434814,6
16.01983880996704,0
16.019864082336426,10
16.01988697052002,0
16.019909143447876,7
16.01993203163147,5
16.019954204559326,0
16.10617685317993,10
16.1062331199646,0
16.106258869171143,7
16.106282949447632,0
16.106307983398438,0
16.10633111000061,9
16.106353044509888,0
16.10637402534485,9
16.106396198272705,0
16.19277596473694,10
16.1928288936615,0
16.192853927612305,0
16.192878007888794,8
16.192902088165283,0
16.192925214767456,5
16.192946910858154,0
16.19296884536743,3
16.19299077987671,6
16.27927803993225,0
16.279333114624023,16
16.27935791015625,0
16.27938199043274,9
16.279403924942017,0
16.279425859451294,1
16.279447078704834,1
16.279468059539795,0
16.279489994049072,7
16.365822792053223,0
16.36587905883789,8
16.36590313911438,0
16.365926027297974,0
16.365948915481567,10
16.365970849990845,0
16.365992784500122,6
16.366013765335083,0
16.36603593826294,8
16.452474117279053,0
16.45252799987793,0
16.452552795410156,7
16.452574968338013,0
16.45259690284729,10
16.452620029449463,0
16.45264196395874,1
16.452663898468018,0
16.452686071395874,0
16.539037942886353,5
16.53909182548523,0
16.53911805152893,6
16.539140939712524,0
16.539165019989014,0
16.53918695449829,0
16.53920888900757,0
16.53922986984253,0
16.53925085067749,0
